{
  "rating": {
    "precision": 0.6363636363636364,
    "recall": 0.7777777777777778,
    "f1-score": 0.7000000000000001,
    "support": 9,
    "confused_with": {}
  },
  "brand": {
    "precision": 1.0,
    "recall": 1.0,
    "f1-score": 1.0,
    "support": 2,
    "confused_with": {}
  },
  "gender": {
    "precision": 0.875,
    "recall": 1.0,
    "f1-score": 0.9333333333333333,
    "support": 7,
    "confused_with": {}
  },
  "cust_name": {
    "precision": 0.9166666666666666,
    "recall": 0.7857142857142857,
    "f1-score": 0.8461538461538461,
    "support": 14,
    "confused_with": {
      "rating": 1
    }
  },
  "cust_sex": {
    "precision": 0.75,
    "recall": 0.5,
    "f1-score": 0.6,
    "support": 12,
    "confused_with": {
      "rating": 1
    }
  },
  "micro avg": {
    "precision": 0.8048780487804879,
    "recall": 0.75,
    "f1-score": 0.7764705882352942,
    "support": 44
  },
  "macro avg": {
    "precision": 0.8356060606060606,
    "recall": 0.8126984126984127,
    "f1-score": 0.815897435897436,
    "support": 44
  },
  "weighted avg": {
    "precision": 0.8110365013774105,
    "recall": 0.75,
    "f1-score": 0.7699883449883451,
    "support": 44
  },
  "accuracy": 0.9750778816199377
}