{
  "brand": {
    "precision": 1.0,
    "recall": 1.0,
    "f1-score": 1.0,
    "support": 6,
    "confused_with": {}
  },
  "cust_sex": {
    "precision": 1.0,
    "recall": 1.0,
    "f1-score": 1.0,
    "support": 28,
    "confused_with": {}
  },
  "gender": {
    "precision": 0.9444444444444444,
    "recall": 1.0,
    "f1-score": 0.9714285714285714,
    "support": 17,
    "confused_with": {}
  },
  "cust_name": {
    "precision": 1.0,
    "recall": 1.0,
    "f1-score": 1.0,
    "support": 32,
    "confused_with": {}
  },
  "micro avg": {
    "precision": 0.9880952380952381,
    "recall": 1.0,
    "f1-score": 0.9940119760479043,
    "support": 83
  },
  "macro avg": {
    "precision": 0.9861111111111112,
    "recall": 1.0,
    "f1-score": 0.9928571428571429,
    "support": 83
  },
  "weighted avg": {
    "precision": 0.9886211512717537,
    "recall": 1.0,
    "f1-score": 0.9941480206540446,
    "support": 83
  },
  "accuracy": 0.999163179916318
}